full_text;username;;Hasil
Performa permainan Timnas ini di Sea Games kali ini sangat baik dari segi attack, passing, defense, clearence, dan juga mentalitas ğŸ’ªğŸ»ğŸ‘ŠğŸ»;erwinyokoyama;;Puas
Alhamdulillah Ya Allah. Masya Allah Tabarakallah. Semoga setelah ini Timnas Bola Indonesia bisa menaikkan performa lagi dan nggk diremehin lawan.\n#TimnasDay https://t.co/NnF5vQsYTA;Yeowo6;;Puas
Di tangan Indra Sjafri, timnas Indonesia berhasil bawa pulang emas lagi setelah 32 tahun lamanya.\n\nDengan sederet prestasi lainnya, gimana menurutmu performa Indra Sjafri sebagai pelatih sejauh ini, nih?\n https://t.co/VaNRRTWoxu;NarasiNewsroom;;Puas
@ID_Albiceleste @Indostransfer betul sih, performa squad timnas u23 sea games ini bisa spektakuler ya karena salah satu faktornya  diberi kesempatan reguler di klub;DarmantoDiky;;Puas
Mantap Timnas, patut di acungi jempol, tapi Thailand bukan lawan yg bisa diremehkan, semoga performa timnas makin baik kedepannya ğŸ˜‡;yourdreamteller;;Puas
@pahlevinho Tapi performa timnas thailand dan vietnam gak segarang biasanya ya bang?;Yananfield;;Puas
#TimnasDapatEmas setelah Penantian 32 tahun,di bawah \nkepemimpinan ketum PSSI @erickthohir , talenta terbaik timnas sepak bola Indonesia berhasil mencatatkan sejarah dengan menunjukan performa apik dalam pergelaranÂ SEA Games 2023\n#GueBarengErickThohir https://t.co/c8sD3HliiV;abi_sasaLL;;Puas
@PSSI Mhn kepada PSSI..\nAgar tetap menbina Timnas yg ada ini..\nKrn sdh bagus dan Tipe permainan nya..\nSdh sekelas..Eropa\nMhn di Jaga Performa nya\nBiar jgn kendur...\nMelihat permainan tadi mlm...\nMinim kesalahan \nOver bola antar pemain\nSdh Baik....\nAgar di jaga .;JohnpiterT;;Puas
Final sepakbola yang penuh drama.\n\nTapi memang pada babak kedua performa timnas garuda menurun.\n\nHarapannya tentu saja timnas garuda bisa mempersembahkan medali emas.\n\n#SEAGames2023 \n#SEAGames32;MohArifWidarto;;Puas
@iIhamzada Permainannya bagus banget, semoga kalo udah main di timnas senior bisa lebih bagus lagi karena biasanya performa menurun ketika umur di atas 24, padahal kalo di negara top global itu usia emasnya pemain, semoga nggak keblinger dan bisa upgrade pencapaian;halimfuadi;;Puas
'Skuad Garuda Nusantara Tak Terkalahkan' ğŸ”¥\n\nTimnas Indonesia U-22 berhasil meraih medali emas di ajang Sea Games untuk pertama kalinya, sejak 32 tahun yang lalu.\n\nMeski demikian, menurut lo, apa yang harus diperhatikan untuk tetap menjaga performa timnas di kemudian hari? ğŸ¤” https://t.co/vQfgE0yb2q;registaco;;Puas
Kunci kemenangan malam ini terletak pada  mengendalikan emosi dengan bijak. Ketika mampu menjaga ketenangan dalam tekanan, fokus semakin meningkat, dan performa Timnas mencapai level terbaik. Glory Indonesia, More to come!ğŸ† @PSSI;bynoegroho;;Puas
Racikan Coach Indra Sjafri pada Timnas terbukti dengan Raihan medali emasğŸ…. Performa Timnas di Sea Games 2023 ini sangat baik dengan support dan fokus dari Ketum PSSI Erick Thohir. Selamat Timnas Indonesia kalian buktikan mental PEMENANG.\n\n#GueBarengErickThohir\n#TimnasDapatEmas https://t.co/34YqStGSIT;reina_galagher;;Puas
@WKamase13 @Gaotronaldo32 @adyul93 @garagarabola_ Gak ada STY pun mereka pasti dilirik IS karena emang performa mereka diatas rata2.. Liat aja Egi, witan, asnawi, evan dimas produk IS yang sempat dipake di timnas senior yg emang karena pantas;SiomayCapKuda;;Puas
timnas kalo udah unggul langsung ngedrop gitu performa nya;yusufmaulanaaap;;Tidak Puas
Timnas Sepak Bola Indonesia U-22 telah menampilkan performa yang luar biasa pada pertandingan semifinal melawan Timnas Kamboja di Olympic Stadium. Bangkitkan Mental Juara #NyaliTimnas https://t.co/8K7uEX5agI;oki_aisyah;;Puas
Puji Performa 3 Pemain PSIS di Timnas Indonesia SEA Games, CEO: Mengejutkan https://t.co/emJVxIxEna;detik_jateng;;Puas
Publik Vietnam lewat salah satu media lokalnya menyoroti performa Timnas U-22 Indonesia, mengulik apa yang menjadi penyebab skuad Garuda seberbahaya ini. Trengginasnya Marselino Ferdinan cs diklaim tak lepas dari kegagalan tampil di Piala Dunia U-20 2023.\nhttps://t.co/5rxiWHzGbb;tribunSUPERBALL;;Puas
Publik Vietnam lewat salah satu media lokalnya menyoroti performa Timnas U-22 Indonesia, mengulik apa yang menjadi penyebab skuad Garuda seberbahaya ini. Trengginasnya Marselino Ferdinan cs diklaim tak lepas dari kegagalan tampil di Piala Dunia U-20 2023.\nhttps://t.co/db8KSP1B1S;BolaSportcom;;Puas
Performa Timnas Indonesia U-22 dianggap cukup apik oleh media Vietnam, Soha,Â sepanjang babak penyisihan grup sampai semifinal.\n\nSecara total, Indonesia baru kebobolan tiga kali. Statistik yang tidak kalah trengginas jika dibandingkan perjalanan Thailand.;indosportdotcom;;Puas
Dengan semangat Timnas Indonesia mampu menunjukkan performa luar biasa,Kemenangan melawan Vietnam adalah bukti nyata bahwa Erick Thohir mampu Bangkitkan Mental Juara dan #NyaliTimnas  Indonesia\nhttps://t.co/1cVJ6LHNrU;slybery;;Puas
@sy9gfx4icq7_420 Semoga Timnas Garuda tetap konsisten dalam performa nya;EgGb1nthj1wgr;;Puas
Keberhasilan awal kepemimpinan Erick Thohir di PSSI terlihat dari grafik performa dan ranking timnas yang terus naik.\n#GueBarengErickThohir https://t.co/5bU3PfB5RZ;CapingCak;;Puas
Berikut perbandingan statistik performa timnas Indonesia pada babak grup Sea Games 2023 asuhan Indra Sjafri dan babak grup Sea Games 2021 asuhan Shin Tae Yong. Indra Sjafri memiliki catatan yang lebih apik pada semua statistik ini. https://t.co/PrFMMntmcU;lapangbolastats;;Puas
"Performa Rio Fahmi &amp; Bagas Kaffa yang tak meyakinkan membuat Indra Sjafri bisa terpaksa mendorong Fajar Fathurrahman ke belakang. Timnas U-22 Indonesia kini bakal menghadapi Vietnam di semifinal SEA Games 2023, Sabtu (13/5/2023). ğŸ‡®ğŸ‡©ğŸ‡»ğŸ‡³\nhttps://t.co/41eair0i6r";tribunSUPERBALL;;Tidak Puas
Timna Indonesia U-22 melaju ke finalÂ SEA Games 2023Â Kamboja mengalahkan Vietnam.\nSkuad racikan Indra Sjafri menang dramatis 3-2.\nMeningkatnya performa Timnas Indonesia tak terlepas dari sosok @erickthohir yg terus memompa semangat punggawa Garuda Muda.\n\n#GueBarengErickThohir https://t.co/KUGlgdH9vM;Djantjik;;Puas
liat timnas main, syok dewa dimainin lagi tapi emang bagus si, arhan sekarang gw tau lu knp ga dimainin di jepang, marselino emng masi bocah tapi udh oke mainnya, witan performa nya turun, ernando arii lu keren bangettt;_xxx_9_;;Puas
Ironisnya lagi yg suka bully itu netijen yg cuma nonton Timnas tapi gak nonton Liga Indonesia dan bully pemain cuma berdasarkan performa di Timnas tapi gak liat performa di level klub chuaaakkkss;rivalpr_;;Puas
"coach, ngeliat timnas udah main di level Piala Asia ini pun cukup membanggakan. gue pribadi gak nuntut banyak, cuma berharap para pemain bisa menampilkan performa terbaiknya sehingga enak ditonton. kalau lolos fase group Alhamdulillah. SEMANGAT STY &amp; TEAM ğŸ”¥";AMA7ERASUK;;Puas
"Indra Sjafri menemukan susunan pemain terbaik timnas U-22 Indonesia untuk laga semifinal usai merampungkan fase grup Sea Games 2023. Ia berharap para pemain terbaiknya bisa menunjukan performa maksimal demi melaju ke final &amp; meraih medali emas. ğŸ‡®ğŸ‡©ğŸ¦…âš½\nhttps://t.co/Uw0zEmXcDk";BolaSportcom;;Puas
"Indra Sjafri menemukan susunan pemain terbaik timnas U-22 Indonesia untuk laga semifinal usai merampungkan fase grup Sea Games 2023. Ia berharap para pemain terbaiknya bisa menunjukan performa maksimal demi melaju ke final &amp; meraih medali emas. ğŸ‡®ğŸ‡©ğŸ¦…âš½\nhttps://t.co/VC6rNO3IQV";tribunSUPERBALL;;Puas
Intinya begini.\nKalau mau lolos, ya performa pemain bergantung pada kompetisi domestiknya, kalau Liganya kacau, ya pasti di Timnas makin kacau ğŸ˜\nhttps://t.co/9yfC9eBu9r;MuhammadMumu113;;Puas
Kendati memetik kemenangan, performa timnas U-22 tidak mengesankan. Bahkan mereka mendapat tekanan bertubi-tubi sepanjang 30 menit terakhir. Beruntung Kamboja sangat buruk dalam melakukan penyelesaian akhir.\n\n#KambojaU22 #IndonesiaU22 #SEAGames2023\n\nhttps://t.co/tzwBZdQAhZ;GOAL_ID;;Puas
Performa menurun, tidak mampu menjadi permainan team, dan fatalnya staminanya buruk sekali. Entah ada apa dengan witan sulaiman kali ini, permainannya tidak menunjukan pernah bermain di eropa dan bagian dari timnas seniorâ€¦#TimnasIndonesia #SEAGames2023;anamnyairoel;;Puas
"@adenovrianto @StatsRawon Kan ancen ngunu alure : masuk Persebaya&gt;tampil bagus&gt;dipanggil timnas&gt;dipangan klub lain&gt;klub lain gak tahu cara pake&gt;performa menurun&gt;tenggelam, gak dipanggil timnas lagi";tunjungutomo;;Puas
Timnas Indonesia U-22 menjadi satu-satunya peserta SEA Games 2023 yang masih clean sheet. \n\nSang pelatih, Indra Sjafri pun angkat topi dengan performa anak asuhnya di lini belakang.\n#SEAGames2023 \nhttps://t.co/4AkF2rM9mv;sportstarsdotid;;Puas
"@registaco performa timnas ketika lawan tuan rumah kacau,...banyak skli terjadi salah pasing dan pelanggaran, hrs jd evaluasi apalagi Vietnam &amp;Thailand spesialis pressing ketat, bs kocar kacir pertahanan kita nanti";Heidy94727749;;Tidak Puas
Pelatih Indra Sjafri meyakini Timnas Indonesia U-22 bisa capai performa puncak pada semifinal dan final SEA Games 2023. \n\nTimnas Indonesia U-22 sendiri telah lolos ke semifinal.\n#SEAGames2023 \nhttps://t.co/eTAFTyW7LM;sportstarsdotid;;Puas
@heightgakena @PSSI Benar, mulai menurun performa timnas semoga bisa segera diperbaiki dan tetap fokus sampai juara;danangiffah;;Tidak Puas
Performa Timnas Indonesia U-22 Makin Ganas, Kamboja Bisa Jadi Korban Terbaru https://t.co/CJBpfqMQVL;VIVAbola;;Puas
Pelatih Indra Sjafri meyakini Timnas Indonesia U-22 bisa capai performa puncak pada semifinal dan final SEA Games 2023. \n\nTimnas Indonesia U-22 sendiri telah lolos ke semifinal.\n#SEAGames2023 \nhttps://t.co/FzNFGwqEwD;MNCSportstars;;Puas
Pelatih Timnas Indonesia U-22, yakin timnya bakal tampil di puncak performa pada semifinal SEA Games 2023.\n\nhttps://t.co/5WG2M7AEK8;inewsdotid;;Puas
"finally our dream come trueee masğŸ¥¹ akhirnya si no 10 ini main timnas &amp; lanjutin performa baiknya disini. iâ€™m super duper duper proud of youuu. after all things youâ€™ve been through, terima kasih udh manfaatin kesempatan ini sebaik baiknyağŸ¥ºğŸ«¶ğŸ» and thanks for another gooooldğŸ˜ğŸ¥‡ https://t.co/YjxXWJ7O3G";shfflarf;;Puas
"Melihat performa Timnas Indonesia U-22 sejauh ini, plus kembali berharap tuah sang juru taktik, Garuda Muda diyakini bisa mewujudkan target medali emas!\n\nhttps://t.co/3rWh9WY3Vv\n?utm_source=twitter&amp;utm_medium=post&amp;utm_campaign=twitter_erdhy";bolacomID;;Puas
Thn 2019, saat Indonesia bisa merebut kembali emas di Philippines itu wajar krn pd thn itu materi timnas kita adl yg terbaik di ASEAN.\n\nPerforma mrk sdh on fire sjk Asian Games 2018 di Jakarta. Sempat mengalahkan Thailand 3-2. Nothing can stop Indonesia saat itu.\n\n#SEAGames2023;KartasasmitaSB;;Puas
Secara performa witan sulaiman ini under performance, entah alasan apa Indra Sjafri masih terus memainkannya? Apakah timnas tidak memiliki team utk statistik pemain??? #TimnasDay #SEAGames2023;anamnyairoel;;Tidak Puas
@PSSI Sejauh ini performa Marcelino masih belum dapet tempat yg nyaman di timnas. \nKek syng banget kelebihannya belum terakomodir strategi coach IS.;UbaiBaiquni;;Tidak Puas
Meraih kemenangan besar dengan 5 gol tanpa balas atas Myanmar, Timnas Indonesia tunjukan peningkatan performa. #Headline https://t.co/5BBaCU53Vb;kompasiana;;Puas
Menang Telak atas Myanmar di SEA Games 2023, Indra Sjafri Belum Puas dengan Performa Timnas Indonesia U-22 https://t.co/NsiIU5u0d1;liputan6dotcom;;Tidak Puas
Salah satu hal yang pantas mendapat perhatian adalah ialah performa lini pertahanan yang impresif Timnas Indonesia U-22 jika dibandingkan tiga edisi sebelumnya.\n\nhttps://t.co/qODnP8Pvk4;bolacomID;;Puas
Performa Timnas Indonesia U-22 Menurun saat Hajar Timor Leste, Fajar Luar Biasa https://t.co/IBLnfZ0q34;VIVAbola;;Tidak Puas
Timnas SEA Games: Performa Meningkat dan Cetak Lima Gol https://t.co/eQvqYxjACP;kompasiana;;Puas
@penerbitfandom @Indostransfer cuman kalah nasib aja kayaknya waktu itu, permainan tim ini sangat bagus padahal, bahkan jika dibandingkan dengan performa timnas sea games setelahnya, masih belum ada yg bisa melampaui permainan tim ini;onrayirbep;;Puas
Media Vietnam menilai tim dari Grup B Sea Games 2023 harus berhitung untuk menghindari performa gemilang Marselino Ferdinan dan kawan-kawan di semifinal. Saat ini, klasemen Grup A dipimpin timnas U-22 Indonesia dengan 6 poin, hasil dari dua kemenangan. ğŸ§\nhttps://t.co/VvPGT6Jsfr;BolaSportcom;;Puas
Hukumnya:\nJangan berkomentar mengenai performa timnas Indonesia, selama belum ketemu Thailand dan Vietnam.;bluerocketboss;;Puas
ğ‘¶ğ‘µğ‘­ğ‘°ğ‘¹ğ‘¬  ğŸ”¥ğŸ”¥\n\nGoal âš½ï¸âš½ï¸\nAssist âš½ï¸\n\nPerforma Fajar Fathur Rahman Sore Ini Bersama Timnas Indonesia di SEA Games 2023. NGERIK!! ğŸ”¥ğŸ”¥ğŸ”¥\n\nğŸ“· @PSSI \n\n#Timnas #Indonesia #SEAGames #BorneoFC #Samarinda #Manyala #WeAreSamarindans https://t.co/3NyeEZRlre;BorneoSMR;;Puas
Remukkan Myanmar di SEA Games 2023, performa Timnas Indonesia U-22 dinilai alami peningkatan!\nhttps://t.co/idAb81E9Hk;Bolanet;;Puas
@idextratime Dulu inget kata y pemain bola yg kena covid performa y bakal menurun.. ternyata cuma buat timnas Indonesia doang;CahyoAgustian3;;Tidak Puas
Media Vietnam menilai tim dari Grup B Sea Games 2023 harus berhitung untuk menghindari performa gemilang Marselino Ferdinan dan kawan-kawan di semifinal. Saat ini, klasemen Grup A dipimpin timnas U-22 Indonesia dengan 6 poin, hasil dari dua kemenangan. ğŸ§\nhttps://t.co/MTzJ0awO8x;tribunSUPERBALL;;Puas
Performa Marselino Bersama Timnas Indonesia di SEA Games 2023 Tuai Pujian dari Media Asia dan Amerika\n\n#TribunKaltim #Marselino #TimnasIndonesia #SEAGames2023 #TimnasDay\n \nhttps://t.co/sYjvh43eaP lewat @tribunkaltim;tribunkaltim;;Puas
Performa gemilang pada laga kontra Filipina U-22 membuat Rio Fahmi dibanjiri pujian. Namun penggawa Timnas Indonesia U-22 itu meresponsnya dengan tetap merendah.\nhttps://t.co/cJVYs1BzGk;vivagoal_idn;;Puas
Melihat performa timnas negara lain di sea games b aja. Kayaknya timnas nya si kumis bisa bawa emas deh ğŸ‘€ klo jaman sty. timnas negara lain bagus2.;kanslerx;;Puas
Sudah Bantai 2 Tim, Performa Timnas U-22 Belum Puaskan Indra Sjafri https://t.co/kKP2KH0aAR;IDNTimesSport;;Tidak Puas
Gokil ni performa timnas;survace10;;Tidak Puas
Greesel di trainee jeketi ini adalah marselino ferdinan di timnas u-17, ngga ada gugup2nya. Performa di atas rata2 kawannya;umbattt;;Puas
Sosok Marselino Ferdinan, skuad Garuda Muda timnas Indonesia U22 yang berhasil membuka skor kemenangan atas Filipina U22 di SEA Games Kamboja 2023. Performa yang apik membuat Marselino diincar tim Eropa.https://t.co/0iSUkKKRtA;terasjakartaid;;Puas
Timnas SEA Games: Performa Meningkat dan Cetak Lima Gol https://t.co/vksmZDg1to;kompasiana;;Puas
Performa bek kanan Timnas Indonesia U-22, Ilham Rio Fahmi, mengalami peningkatan pesat. Dia pernah dikritik habis-habisan di era Shin Tae-yong. \n\nKini, performanya justru mendapatkan banyak pujian di era Indra Sjafri.\n\n#SEAGames2023 #TimnasIndonesia \nhttps://t.co/54sg83tRIi;sportstarsdotid;;Puas
@PSSI Walaupun menang tapi ttp gk puas sama performanya timnas, mainnya masih amburadul dan blm bisa mengeluarkan performa terbaik mrk, beruntung ini masih lawan Filipina yg klo main bagus dan minim amburadul hrusnya minimal 4-0;KRathalos97;;Tidak Puas
"@garagarabola_ Masih kerja keras lagi untuk event yg terdekat lagi yaitu Asian Games , kalo di Timnas senior wajib kerja keras lagi apalagi kalo Asnawi &amp; Sandy Walsh baru top performa";aardwi15;;Puas
@wobowobow @MaksunKharis @garagarabola_ Sebelum masuk timnas, masuk majalah The guardian krn performa nya sm Persebaya.Klo udah ngikutin main marsel di Persebaya gaakan kaget sm mental nya ni anak;Bpjees;;Puas
Performa Timnas Indonesia U-22 Masih Jauh dari Emas https://t.co/WXwqvJvwpm;CNNIndonesia;;Tidak Puas
Taklukkan Lebanon di Leg Kedua, Indra Sjafri Lebih Suka Performa Timnas Indonesia U-22 saat Kalah di Duel Perdana https://t.co/OtKRrpjmPk;liputan6dotcom;;Puas
Performa Timnas Indonesia U-22 Masih Perlu Dibenahi jika Ingin Rebut Medali Emas SEA Games 2023\n\nhttps://t.co/rtLNIcRK0X;bolacomID;;Puas
Indonesia berhasil menjadi juara usai mengalahkan Thailand dengan skor akhir 5-2, pada pertandingan final cabor sepak bola putra SEA Games 2023, Selasa (16/5) malam.\n#KitaGaruda\n#TimnasIndonesia\nhttps://t.co/Y7TXxSh89Z;pksmataram;;Puas
Datang dengan nyali\nPulang bawa medali\n\nPenantian 32 tahun terbayarkan hari ini, kemenangan ini awal kebangkitan sepakbola Indonesia\nTerimakasih timnas Indonesia, terimakasih Pak @erickthohir atas supportnya\n#TimnasDapatEmas\n#TimnasIndonesia https://t.co/iJwPW0ssOv;selfmirror_;;Puas
Enaknya Tidur Nyenyak Pemain Timnas Indonesia Usai Menang 5 2 dari Tim T... https://t.co/2SihkNyTu1 lewat @YouTube #TimnasIndonesia #thailandelection2023;WartaKepri;;Puas
Pendapat gue tentang timnas dulu dan sekarang..jelas sekarang lebih maju. Mungkin udah pintar pintar.\nDulu mudah terpancing emosi. Sekarang lebih tenang . Mirip Liverpool yg juara LC..bisa membalikkan keadaan . #TimnasIndonesia #SEAGames2023;Bang_Rey11;;Puas
"Terima kasih coach Indra Sjafri &amp; tim official Indonesia juarağŸ¥‡\n32 Tahun âš½ğŸ¥‡\n#SEAGAMES2023 https://t.co/8aHPbYAj7L";27kinkin;;Puas
@sportid33 @theaseanball kami suporter gemes semalam, thailand mmg layak kalah, pemain #timnas layak bergembira. sebaiknya adik marcelino tidak bertingkah berlebihan, kembangkan kemapuan fisik, skill, mental, msh banyak yg harus diraih! bravo #timnasindonesia;gtr791;;Puas
Luaaaarrr biasaa setelah penantian 32 tahun akhirnya medali emas cabang sepakbola sea games pulang ke Indonesia #seagames #medaliemas #indonesia #erickthohir #pssi #sepakbolaindonesia #timnasindonesia #erickthohirwapres #erickthohirsolusirakyat https://t.co/HCDUyEYuNP;ariefalay66;;Puas
32 tahun akhirnyaaaa juaraaaaa.... #SEAGames2023 #TimnasIndonesia;GatotSupra1995;;Puas
Alhamdulillah, Penantian 32 Tahun Berakhir.\nSelamat Timnas Sepak Bola Indonesia Berhasil Membawa Pulang Emas Di Sea Games 2023\n#TimnasIndonesia #TimnasDapatEmas #TimnasU22 #SEAGames2023 https://t.co/aRLpYu7DHF;RuriSopyan;;Puas
I got so emotional for this game, especially the last goal and the last saved, I almost drop my tears God dammit, and also what a goosebumps that I got. #seagames #IndonesiavsVietnam #IndoPride https://t.co/qs9SRj0TC5;princeleviatha;;Puas
2x berhasil unggul , 2x juga skor disamakan , bermain dengan 10 pemain sejak menit 65 , berhasil mencetak goal ketika waktu tambahan tersisa 3 menit . gimana gak nangis . #Timnas #TimnasDay #Taufany #IndonesiavsVietnam #Arhan #SEAGames2023Cambodia #seagames #SeaGames2023 https://t.co/gB0yFHjmDO;KevinTimotius8;;Puas
Pemain2 muda udah lumayan matang berkat byk menit bermain di kompetisi dan STY yg berani mangkas generasi senior untuk kasih chance ke pemain muda selama ini...kebetulan vietnam bukan botak hang seo lagi pelatihnya..fokus ke final siapapun lawannya #TimnasDay #IndonesiavsVietnam https://t.co/tI6LaQWaJR;ddmilan11;;Puas
Kenapa Kita bisa menang, karna kerja keras.\nWalau bermain 10 orang selama 30 menit+\nTapi keberuntungan masih berpihak kpd Indonesia.\n\n#IndonesiavsVietnam \n#IndonesiaJuara;gulo_mariunus;;Tidak Puas
Bersyukur ygy #SeaGames #SEAGames2023 #IndonesiavsThailand https://t.co/e8grpMORe5;riski_2777;;Puas
Selamat Untuk Timnas Indonesia u-22 Mendapatkan Mendali Emas, Kami Sangat Bangga Pada kalian Semua atas perjuangan dan Mentalitas bermain. @erickthohir #TimnasIndonesia #Timnas #TimnasU22 #TimnasDapatEmas #TimnasIndonesiau22 #TimnasU22Indonesia #IndonesiavsThailand #Indonesia https://t.co/pCKCILpzj1;Pandaputih23;;Puas
Timnas Indonesia di sea games sekarang udah gak bisa di anggap remeh, udah gak di bully lagi sama negara tetangga..\nAkhirnya kita dapet emas setelah bersabar ya..\nAlhamdulillah.. ğŸ¥‡\n\n#SEAGames2023 #SeaGames #IndonesiavsThailand #TimnasIndonesia;arvi_ds;;Puas
CONGRATS #INDONESIA ku \nsetelah berusaha penuh juangan ahirnya ada hasil yang memuaskan !!!\n\n#IndonesiavsThailand #SeaGames #hebatbet https://t.co/3LroATD6dV;CsHebatbet;;Puas
Selamat Buat Timnas Indonesia u-22, Telah Meraih Emas Raja Asia. @erickthohir @PSSI @KemenBUMN @skuatgaruda @arga_koerniawan @armoll_93 #SEAGames2023Cambodia #SEAGAMES32CAMBODIA #SEAGames2023 #IndonesiavsThailand #Indonesia #IndonesiaJuara https://t.co/IvYlc5t22S;efran_edison;;Puas
Selamat buat timnas u-22 yg telah meraih medali emas sea games 2023 kamboja setelah 32 tahun, kami bangga dan senang! #TimnasDay #TimnasIndonesia #SEAGames2023 #TimnasU22 #MedaliEmas \nhttps://t.co/8jPOw6GAy3;fajarkurnianto;;Puas
Selamat TIMNAS Indonesia \n\n#VisitLebak #LebakUnique #BekerjaDenganHati #TerbukaItuKeren #GoDigital #GoDigitalLebak #LebakGoDigital #ayogehbelanjadanjelajahbanten #timnasindonesia #indonesiajuara https://t.co/thlATpqhAp;diskominfolebak;;Puas
Selamat kepada Timnas Indonesia yang sudah menjadi juara 1 dalam ajang Sea Games 2023 di Kamboja. Penantian yang cukup lama setelah 32 tahun tanpa medali emas di cabang olahraga sepak bola. \n\n@fahmyalaydroes\n\n#PKSpembelaRakyat #PKSuntukIndonesia #TimnasIndonesia https://t.co/ftsaXKemF9;pksbogor;;Puas
Enaknya Tidur Nyenyak Pemain Timnas Indonesia Usai Menang 5 2 dari Tim T... https://t.co/2SihkNyTu1 lewat @YouTube #TimnasIndonesia #thailandelection2023;WartaKepri;;Puas
ALHAMDULILLAH AKHIRNYA JUARA Ya ALLAHğŸ¥‡ğŸ‡²ğŸ‡¨ğŸ‡²ğŸ‡¨\n\n#TimnasIndonesia #TimnasJuara #TimnasDapatEmas #ultrasgaruda https://t.co/qNCAdNBhSY;Febriyandosky2;;Puas
Selamat Timnas Sepakbola Indonesia\nSelamat Timnas Sepakbola Indonesia\n\nSalam Indonesia Raya\nGerindra Menang\nPrabowo Presiden\n#PSSI\n#TimnasIndonesia\n#prabowosubianto\n#gerindra \n#gerindramenang \n#mendingprabowo\n#gerindrajateng\n#gerindrasragen https://t.co/DD5J8FIxlF;gerindra_sragen;;Puas
Pendapat gue tentang timnas dulu dan sekarang..jelas sekarang lebih maju. Mungkin udah pintar pintar.\nDulu mudah terpancing emosi. Sekarang lebih tenang . Mirip Liverpool yg juara LC..bisa membalikkan keadaan . #TimnasIndonesia #SEAGames2023;Bang_Rey11;;Puas
Alhamdulillah Penantian 32 tahun berakhir, Selamat Timnas Indonesia berhasil membawa pulang emas Sea Games 2023 #TimnasDapatEmas #TimnasIndonesia https://t.co/kEBfi3ScwT;AdeFauzyAhmad;;Puas
@GOAL_ID Timnas Indonesia ini sudah mati gaya. Main di kandang lawan Bangladesh aja kok ya imbang 0-0. Ndak ada harapan...;masealf;;Tidak Puas
Sontekan Spaso berhasil menambah keunggulan untuk Indonesia! â¤ğŸ‡®ğŸ‡©\n\nSkor sementara 0-4.\nTerus semangat, Garuda! ğŸ¦…\n\n#KitaGaruda #TimnasDay https://t.co/0i7tS4YSjk;PSSI;;Puas
Antusias, Kai Boham Ingin Bawa Gaya Main Eropa di Timnas Indonesia U-19 https://t.co/hl7GdWvHFF;bolatimesdotcom;;Puas
Main banyak gaya tapi gampang kecolongan hhhhmmmmhhh\n #TimnasIndonesia;secangkirkopie;;Tidak Puas
@garistengah_id Saya masih ingat betul gaya stylish dia melawan Timnas u19. Main santai, hemat energi, dan konsisten. Tidak seperti Indonesia yang begitu cepat dan menghabiskan tenaga.;comeonnatha;;Puas
@Indostransfer Awal kebangkitan dan gaya main sepak bola Indonesia moga tdk ada setan gundul ikut nimbung di TIMNAS STY IS THE BEST;iwan_supomo;;Puas
Dulu saya yang berharap Spaso main di Timnas Indonesia karena status topskor Liga 1, kuat tahan bola dan gaya main sebagai staraiker pemantul, dan Akhirnya Spaso mencetak Gol buat Indoenesia;Arifin_Sahab;;Puas
@ruangtaktik Gaya main timnas Indonesia yang sesungguhnya..ğŸ˜;yulius_wisnu;;Puas
@Tukhin_Mafala Baru kali ini lihat Thailand kalah mental duluan menghadapi Timnas Indonesia, sampai gak kepikiran lagi main secara gentle, akhirnya akting gaya India yang ditiru saat hadapi Indonesia di Piala Thomas!;de_zoffi;;Puas
Lu udah terbiasa liat gaya main sepakbola eropa ngeliat timnas Indonesia main ampun dari babak pertama aja dah males ngeliat nya;MuhRafli27;;Tidak Puas
"@Box2BoxBola Makanya gaya main klub Indonesia jarang yg dari kaki ke kaki &amp; pake through pass gini karena udah pasti dianggep offside sama wasit. Gak heran waktu main di timnas pada kaget diminta main bola2 pendek";andreasicamaru;;Tidak Puas
@dribble9 Di aff kemarin jg, timnas Indonesia gaya main winger nya semua arah lari nya ke kotak penalti,, mirip2 winger modern skrg;alfiensius;;Puas
Melihat gaya main Thailand pasti menyerang. Indonesia juga tdk akan kalah menyerang lbh agresif. Mereka pasti sama2 bermain terbuka. Adu cepat saja. Leg 1 ini skor bisa 2-1 buat kemenangan Indonesia.....#TimnasDay #TimnasIndonesia #IndonesiaJuaraAFF #FinalPialaAFF2020 #Indonesia;Mas_Say_Fh;;Puas
@affsuzukicup Well played ~\nThx @PSSI , Aku suka semangat asnawi .\nGaya Main Bek Sayap Serang\n\nTerima Kasih  sudah membela atas nama Rakyat Indonesia ... Semoga lebih semangat lagi Timnas untuk pertandingan official FIFA kedepan.;BentarKun;;Puas
@PSSI Kuncinya satu. PERTAHANKAN COACH STY, berikan waktu untuk memperbaiki timnas. Bisa membawa tim semuda ini ke final sudah luar biasa, tapi terlihat di gaya main Indonesia sudah sangat jauh berbeda. Kalau dikasih kesempatan, yakin Timnas bisa selevel dengan Thailand atau Vietnam.;savefootball06;;Puas
Emang paling bener pemain timnas yg sekarang klo bisa pada main diluar liga indonesia\nMentalitas dan gaya bermain pasti akan banyak berpengaruh;Gans_Flanker;;Puas
@SiaranBolaLive Padahal AFF kmrn lumayan mainnya, ini masih kebawa gaya permainan liga Indonesia timnas, grasa grusu, passing gak jelas, main bola lambung kedepan terus;HarryQuatre;;Tidak Puas
Ketika melihat skor thailand vs Indonesia.. ketika melihat gaya main Indonesia yg masih gitu2 aja.. ketika mnyadari mmg timnas kmampuannya hanya sebatas runner up AFF.. https://t.co/d4QhwhrSMN;upin_to;;Tidak Puas
Seneng bgt liat gaya main Jordi Amat, cara bertahannya lugas ala bek italia tp nyaman bawa bola ala bek spanyol. Jordi bisa bantu timnas indonesia dengan pengalaman dan kepemimpinan di lapangan;GamutuFc;;Puas
Evan dimas sama abimanyu sebetulnya bagus passing jauh dan pindah sayap, tapi sepertinya ga cocok dengan gaya main STY yang suka passing diantara channel. PR imho ada di finishing sama defend set pieces. Amazing achievement for timnas Indonesia. Proud;aykzir;;Puas
"Cukup puas liat gaya main Timnas di menit-menit akhir babak ke-2 dan Extra Time (tentu nya). \nTapi jgn langsung ngerasa udh jago yaa adek timnas @PSSI \nitu SGP td banyak kena kartu merah loh, klo 11 vs 11 bisa lain ceritanya ğŸ˜… #AFFSuzukiCup2020 #IDNSGP #indonesia""";zerPandie;;Puas
@RCTISports_ Ayo timnas indonesia tunjukkin gaya main mu yg bikin orang indonesia bisa bangga atas kerja kerasmu.ğŸ‘‰ğŸ’ªğŸ‘ˆ;Edo_thEforyou;;Puas
@detikcom #TimnasIndonesia main lah sesuai gaya dan strategi pelatih.\nGak usah dengerin netijen yg nuntut kalian u/ main cantik.\nYg penting fokus, berikan yg terbaik, main lepas, cetak gol sebanyak-banyaknya ğŸ˜ƒ\n\nYg menentukan menang / kalah itu golnya, bukan dinilai dr permainan cantiknya;sangamei;;Puas
Mantan Pelatih Thailand: Gajah Perang akan Benci Gaya Main Timnas Indonesia https://t.co/yqoeRB9Hqb https://t.co/7wV7FVAnNg;KompasTV;;Puas
Piala AFF - Eks Pelatih Gajah Perang: Gaya Main Timnas Indonesia Dibenci Sepak Bola Thailand https://t.co/33R3zNlRJc;tribunSUPERBALL;;Puas
@SiaranBolaLive Banyak gaya?? Intinya kalau yg main timnas indonesia sekalipun mainnya jelek atau kalah tetap dukung tim indonesia. Gimanapun lu tinggal di indonesia ya harus bela team dimana kamu tinggal. Blok;Andre47605609;;Tidak Puas
Piala AFF - Eks Pelatih Gajah Perang: Gaya Main Timnas Indonesia Dibenci Sepak Bola Thailand https://t.co/iWmcVY0Nb3;BolaSportcom;;Puas
#TimnasIndonesia Kepedean,,baru unggul 1-0 ,,main kendor banyak gaya,,,kebobolan deh,,,Seri berasa kalah;setiadigugi;;Tidak Puas
Ngeliat timnas main keknya emang shin tae yong belum terlalu menerapkan gaya mainnya. Soalnya masih longball kedepan terus. Tapi wajar sih melihat kualitas pemain indonesia jauh dibawha vietnam. Seri aja udh bagus. Tapi keknya bakalan kalah sih kalo  masih banyak  kekurangannya;ramdani_pratama;;Tidak Puas
Disaat Timnas Vietnam dah sering main Tiki-Taka dengan cantik, eh Timnas Indonesia masihhhh aja setia main dengan gaya Teka-Teki nya! https://t.co/V9j5pLuwot;MafiaWasit;;Tidak Puas
Gaya Main Timnas Indonesia Dapat Perhatian Khusus dari Vietnam, Ini Paparannya https://t.co/2489AHozaa https://t.co/hAjEJOLeCT;AhmadNorMaulana;;Puas
Piala AFF - Pelatih Malaysia: Gaya Main Timnas Indonesia Mirip Vietnam, tapi Kalah Kualitas https://t.co/enUX2zU8N5;bolasportdotcom;;Tidak Puas
Timnas U-23 Indonesia Bakal Ubah Gaya Main meski Sapu Bersih Kemenangan di Uji Coba https://t.co/9XoGqGv66m;tribunSUPERBALL;;Tidak Puas
GOL LAGI INDONESIA, Evan Dimas muncul manfaatin umpan pendek dari Yudo. Wah asli Shin Tae Yong bikin gaya main timnas enak ditonton;dickybulinyaa;;Puas
Media Vietnam mencemooh gaya main Timnas Indonesia yang dianggap seperti atlet pencak silat. #userstory https://t.co/UuTDDNOMR6;kumparan;;Tidak Puas
Preview Indonesia U19 vs Kroasia U19\nSeperti nya masih sama dengan kemaren dengan gaya main parkir bus yg penting konsisten 90 menit dan penonton jgn berharap timnas indonesia cetak banyak gol karna masih proses ..;CahGend97901143;;Tidak Puas
Suporter Timnas Siap Kecewa? Shin Tae Yong Bilang Begini Soal Gaya Main Garuda Bersamanya \n\nhttps://t.co/9RLLtGV0Q6 \n\n#timnasindonesia #timnas #timnasu23 #timnasu19 #shintaeyong;cekho_doank;;Tidak Puas
Yang dibahas seputar era terbaik timnas, gaya main, regulasi liga indonesia sampai apa kira2 solusi yang cocok untuk Timnas Indonesia bersama salah satu narasumber @fad_alan\n\nohiya, masih akan ada Part 2 nya ya;fransdavidgino;;Puas
gejala ancur nya gaya main timnas indonesia sdh kerasa saat aff thn lalu,,banyak pihak yg merasa coach bima paling bertanggung jawab saat itu...dan ternyata sekarang....saya pikir pemain kita memang ndak niat utk main,berjuang dan menang #simontok;Boeng_Galih;;Tidak Puas
@indra_sjafri Suporter Timnas Indonesia bisa stress melihat gaya main yg defensive parkir bus ketika lawan masih se Asia Tenggara;RyanRock92;;Tidak Puas
@PSSI Kalah atau menang, lu udah bikin timnas dicaci maki 2 bulan ini jdi plis out abis ini. Bukan kekalahan biangnya tpi gaya main yg lu terapkan bikin Indonesia jadi kayak tim dongo. Gak usah nyalahin pemain, masyrakat udah pernah liat @Luismillacoach bikin timnas main bola yg bener.;manopeee;;Tidak Puas
Cuma ini Solusi yang paling tepat untuk menjawab permasalahan pemain Timnas Indonesia( @TimnasInfo . Jgn slahkan pemain, slhkan tanya kpd ferasinya. Krn di tangan/ arsitek yg tepat permainan Timnas Indonesia Lbih mnjanjikan (Gaya main Eropa).\nAyoolaah @PSSI , @imam_nahrawi. https://t.co/15XLx8fZvA;haris_molle;;Puas
Main gaya tarkam... minta emas... berat...#timnasindonesia;b2ngfebryanto;;Tidak Puas
Gaya main Indonesia lebih cair meski ditekan Malaysia. Agak kaget sih Timnas bisa main kya gini padahal di bawah pelatih cadangan.;OnalShineOn;;Puas
Mna @PSSI \nLiat gomes, borneo maiinnya dewa \nITU indonesia, cara main, gaya main indonesia\nIndonesia tuh lari, kilay mainnya\nIni mah apaan oper2an, mana ga bisa ngopernya juga\nMau latihan mah sebelumnya\nIndonesia tuh lari main cepet, bukan oper2, nunggu2\n#Liga1 \n#timnasindonesia;None88114236;;Tidak Puas
Jujur saya rindu gaya main Tiki Taka waktu coach @indra_sjafri menangani Timnas U-19. Main satu dua, Bermain terbuka, pressing lawan dan siap di pressure lawan.\n\nPlisss kembali ke pakem coach. Saya yakin Indonesia juara.\nTetap semangat. Terus berjuang âœŠ;PramoedyaDK;;Tidak Puas
@TeamMsia Timnas  indonesia  main  kurang  greget,  kurang semangat,  loyo,  sering hilang bola, kebanyak bawa  bola  sendirian  kelemahan timnas yg mencolok organisasi permainan engga jelas, pemain tengah kurang kreatif loyo, bek sering  kedodoran ,  kiper sering blunder kebanyakan gaya.;Jakaria35814876;;Tidak Puas
Entah cemana main timnas Indonesia me. Mampos lah kau @PSSI pelatih nya banyak gaya si kontol Simon.;johnandri;;Tidak Puas
Permainan Timnas Indonesia sangat identik dengan gaya main klub klub indonesia, langsung menusuk, tapi malasahnya permainan 90 menit kawan, 60 menit terus menerapkan gaya main seperri itu hbs juga, ga heran kalo liat pemain timnas indo udah pada kecapean #gaadaperubahan;leotumorang41;;Puas
@PRFMnews Pemain Indonesia lemah,Kiper banyak gaya blunder trs ga pantes main di timnas, kiper yg bagus m ridho tpi teu di panggil timnas.Pemain belakangna oge jelek banyak gaya kudu di ganti semua.Netizen Malaya jdi pada nyinyir.;D4N_Like19;;Tidak Puas
Gaya mainnya Timnas bukan gaya main Indonesia banget\nğŸ˜ğŸ˜ğŸ˜ https://t.co/y1EZPsvvOZ;agus_anama;;Tidak Puas
Mungkin salah satu cara buat menerima dan menikmati gaya main timnas Indonesia adalah dengan hanya menonton pertandingan Liga 1 tanpa pernah menonton liga sepakbola eropa sama sekali. Supaya kaki tetap menjejak bumi dan ekspektasi tidak terlalu tinggi.;kokocrvnch;;Tidak Puas
Miris liat timnas Indonesia. susah-susah filosofi gaya main yg cocok dengan timnas, pelatihnya diganti jadi ilang semuanya. kacau;AfrzlDP;;Tidak Puas
Prihatin liat gaya main timnas u-23 kita. Tapi lbh prihatin lg sama netizen yg ngetiknya saka. Cing atulah da mrk jg manusia yg pny hati. Ngritik boleh, tp caranya yg sopan. Saya ttp dukung doa aja. Mdh2an next match bisa di perbaiki permainannya. Semangat #TimnasIndonesia;Imeeta;;Tidak Puas
Gaya Main Timnas Indonesia U-22 Tak Bergantung Satu-Dua Pemain https://t.co/ZA59TQYyOe;GOAL_ID;;Puas
@PSSI Malu sebenarnya saya nonton gaya main Timnas indonesia yg tadi...bakal ada alasan karena cuaca nya panas sekian derajat celcius, pemain baru di bentuk, latihan baru beberapa hari, pelatih nya baru saja menangani tim, pemain kelelahan perjalan jauh dsb...klasik.;Anakupang2;;Tidak Puas
@PSSI berharap ada rotasi pemain dan perubahan formasi gaya main timnas indonesia di uji coba inilah tempatnya mencari ramuan terbaik untuk bisa berbicara di kualifikasi world cup. berharap tidak memakai formasi 3-4-3 build up serangan dari bawah kita buruk kiper dan 3 bek  kerap Miss;Riansya52503289;;Tidak Puas
Hal tersebut dibuktikan setelah penantian medali emas selama 32 tahun, timnas Indonesia berhasil menjuarai Sea Games 2023, berkat upaya permainan â€œkhasâ€ yang dikembangkan oleh Sjafrie kepada para anak asuhannya.#SemuaDukungPrabowo #ManutJokowi Prabowo Subianto;harrispradana_;;Puas
Indra Sjafri, pelatih timnas Indonesia U-22 yang baru saja meraih emas di SEA Games Kamboja menyatakan bangga dan salutnya untuk Prabowo Subianto.\n#SemuaDukungPrabowo #ManutJokowi;mingskyyy_;;Puas
"Itu dibuktikan Indra Sjafri ketika Timnas Indonesia U-22 berhasil mengakhiri penantian medali emas selama 32 tahun di SEA Games 2023. Akhirnya, cocok ya?"" tanya Prabowo . #SemuaDukungPrabowo #ManutJokowi Prabowo Subianto""";tono14045;;Puas
timnas Indonesia berhasil menjuarai Sea Games 2023, berkat upaya permainan â€œkhasâ€ yang dikembangkan oleh Sjafrie kepada para anak asuhannya.\n#SemuaDukungPrabowo #ManutJokowi Prabowo Subianto;alfisahdinardi;;Puas
timnas Indonesia berhasil menjuarai Sea Games 2023, berkat upaya permainan â€œkhasâ€ yang dikembangkan oleh Sjafrie kepada para anak asuhannya.\n#SemuaDukungPrabowo #ManutJokowi Prabowo Subianto;Harumiii_kn;;Puas
Salah satu minatnya kepada sepak bola ia tunjukkan dengan menyaksikan final cabang olahraga sepak bola putra SEA Games 2023, antara Timnas Indonesia U-23 melawan Thailand U-23 yang dimenangkan oleh skuad Garuda.\n#SemuaDukungPrabowo #ManutJokowi Prabowo Subianto;CindyCarrolina;;Puas
Hal tersebut dibuktikan setelah penantian medali emas selama 32 tahun, timnas Indonesia berhasil menjuarai Sea Games 2023, #SemuaDukungPrabowo #ManutJokowi Prabowo Subianto;gadotaja;;Puas
Ketum PSSI Erick Thohir mengajak semua pihak pencapaian emas Timnas di SEA Games 2023 sbg momentum utk revolusi mental di sepakbola Indonesia.\nErick Thohir mengatakan, revolusi mental dimulai dt sepakbola, selanjutnya revolusi mental dilakukan utk Indonesia.\n#GueBarengErickThohir https://t.co/fklwYwy4Cn;Selena_Lauraaa;;Puas
Kehadiran lima legenda sepak bola dunia termasuk mantan pemain Lazio Juan Sebastian Veron disambut baik oleh pemain Timnas Indonesia salah satunya adalah Rizky Ridho. Sosok kapten yang membawa Garuda Muda juara di SEA Games 2023 itu menganggap, kehadiranâ€¦ https://t.co/Ho90wSQpMz;inilahdotcom;;Puas
Itu dibuktikan Indra Sjafri ketika Timnas Indonesia U-22 berhasil mengakhiri penantian medali emas selama 32 tahun di SEA Games 2023.\n#SemuaDukungPrabowo #ManutJokowi Prabowo Subianto;frmnsyh55775493;;Puas
Nama Pak Erick Thohir mengguiurkan banyak Parpol utk diusung sebagai Cawapres. \nSelain karena kinerjanya di BUMN yang bagus, pak Erick Thohir juga membawa anak-anak Timnas Garuda Juara Sea Games dan Juli nanti mendatangkan Argentina. \nIni sesuatu banget\n#GanjarErickDuetTerbaik https://t.co/m8Z2dOpC3O;Ruhi_Ruhi_;;Puas
Moment langka, saat seorg juru kamera terkena lemparan bola saat selebrasi gol ke 4 di Final sepakbola SEA Games 2023 Timnas Indonesia vs Thailand\n\n#SEAGames2023 https://t.co/WhMDsL8CKl;DK2125;;Puas
Ramadhan Sananta dan 3 Peraih Medali Emas SEA Games 2023 yang Tidak Dilirik Shin Tae-yong untuk Timnas Indonesia Vs Argentina https://t.co/oktxLNzpde;bolacomID;;Puas
Itu dibuktikan Indra Sjafri ketika Timnas Indonesia U-22 berhasil mengakhiri penantian medali emas selama 32 tahun di SEA Games 2023.\n#SemuaDukungPrabowo #ManutJokowi Prabowo Subianto;neinaadella07;;Puas
Indra Sjafri, pelatih timnas Indonesia U-22 yang baru saja meraih emas di SEA Games Kamboja menyatakan bangga dan salutnya untuk Prabowo. Â #SemuaDukungPrabowo #ManutJokowi Prabowo Subianto;Granny_2277;;Puas
Kejayaan Timnas Indonesia di SEA Games : Prestasi yang Menginspirasi https://t.co/Nv4dGB4Omx;Dewi75968779;;Puas
"Gue masih â€???â€ banget liat spanduk terima kasih erick thohir...."" Buat ngrayain timnas indo menang emas sea games and i was like ""THE AUDACITY??!?""""";seolabanyumanik;;Puas
Ketum PSSI Erick Thohir sang motivator handal yang berhasil membangun mental pemain timnas jelang lawan thailand di final Sea Games 2023 di Kamboja. Hasilnya, timnas menang 5-2 atas Thailand.\nErick Thohir sukses merevolusi mental pemain jadi mental juara!!\n#GueBarengErickThohir https://t.co/lHg0AXSnsv;03__nakula;;Puas
Dominasi Pemain Aboard, Skuad SEA Games 2023 Harus Belajar dari Timnas Senior di FIFA Matchday https://t.co/AJJgBFbwH6;tvOneNews;;Tidak Puas
Luar biasa motivasi yang terus diberikan oleh Ketua Umum PSSI Erick Thohir untuk Garuda Muda, sebagai bagian dari revolusi mental sepak bola, akhirnya mampu membuat Timnas U-22 mempersembahkan medali emas cabang sepak bola Sea Games Kamboja.\n@erickthohir\n#GueBarengErickThohir https://t.co/jsewYTjlJE;Aprilia_wiji;;Puas
Profil Ernando Ari, Salah Satu Pemain Kunci di Balik Kesuksesan Timnas Indonesia U-22 Raih Medali Emas SEA Games 2023 https://t.co/KuunyqsL3k;KamalJuly;;Puas
Diprovokasi, Dipukul Hingga Diinjak, Erick Thohir: Mental Indonesia Bangkit dan Melawan\n\nKetua Umum PSSI Erick Thohir mengatakan timnas U-22 menunjukkan mental pemenang saat membungkam Thailand di partai final sepakbola SEA Games di Olympic Stadium.\n\n#GueBarengErickThohir https://t.co/ex3FGCT3Ti;MarkEsso8;;Puas
Sukses di SEA Games 2023, Kiper Persebaya Ernando Ari Masuk Line Up Timnas Indonesia vs Argentina https://t.co/GrfavBv4Tl;KamalJuly;;Puas
@Puthutea Mirip timnas Indonesia di SEA Games, Mas. Yg nendang bek tengah dan gagal ğŸ˜…;ariesadhar;;Tidak Puas
GOL-GOL INDAH TIMNAS U22 SEAGAMES 2023.â€¦\nKlik untuk lihat kontennyağŸ‘‡ğŸ¼ğŸ‘‡ğŸ¼ğŸ‘‡ğŸ¼\nhttps://t.co/VepwS8n2Sc https://t.co/7oxE2xHTga;sentana_as80258;;Puas
1. Timnas Sepakbola Indonesia U-22 Raih Medali Emas di SEA Games 2023 ğŸ¥‡\nTimnas Indonesia akhirnya kembali meraih medali emas sepak bola di SEA Games 2023 Kamboja, setelah 32 tahun sejak peraihan emas pada SEA Games 1991.;pidas_81;;Puas
Budayawan Indonesia Made Putrawan menilai Erick Thohir sbg pemimpin panutan generasi milenial Indonesia.Â Apalagi stlh Timnas Sepak Bola U-22 Indonesia meraih medali emas di ajang SEA Games Kamboja 2023 yg itu bisa menunjang elektabilitas Erick Thohir. \n#GanjarErickDuetTerbaik https://t.co/12ZDpubPkW;Selena_Lauraaa;;Puas
Usai Bawa Timnas Indonesia Raih Medali Emas SEA Games 2023, Akankah Magis Indra Sjafri Berlanjut ke Piala AFF U-23?\n\nhttps://t.co/PeKMhx1zCA;bolacomID;;Puas
Ramadhan Sananta top skor sea games kamboja Juara Indonesia Emas setelah 32 tahun tak dipanggil sty si songong sok keren tapi hasil minimal,untuk tampil di #timnasday vs argentina.Ya,mudah,2 kubu timnas,kubu nasionalisme patriotis bela pemain nasional,dgn kubu asing gajeğŸ˜itu aja https://t.co/Nnw3azV1jw;JASMERAHAntiPKI;;Tidak Puas
@JidanNot6 Juara piala dunia hanyalah batu loncatan untuk bisa melawan timnas juara seagames;HiyuTapioka;;Puas
Keberhasilan Timnas Indonesia U-22 di kancah SEA Games 2023 di Kamboja bisa menjadi momentum awal kebangkitan sepak bola Indonesia. #BRIPalingBola #BRImoFutureGaruda;khoniciwak;;Puas
Keberhasilan Timnas Indonesia U-22 di kancah SEA Games 2023 di Kamboja bisa menjadi momentum awal kebangkitan sepak bola Indonesia. #BRIPalingBola #BRImoFutureGaruda;aioehai;;Puas
Menurutnya, hasil baik yang dibawa oleh Timnas Sepak Bola Indonesia di SEA Games 2023 di Kamboja beberapa waktu lalu harus menjadi tonggak baru kemajuan sepak bola Indonesia di level yang lebih tinggi. \n\n#BankSyariahIndonesia\n#TumbuhSeimbangDanBerkelanjutan;bankbsi_id;;Puas
"Ramadhan Sananta justru menghilang"" dari sepak bola Indonesia, saat ia baru saja menjadi pahlawan medali emas SEA Games 2023. Setelah pertandingan ikonik dengan skor 5-2 itu, Sananta seolah kehilangan panggung di level klub dan timnas\nhttps://t.co/zU0yooGdp0""";BolaSportcom;;Tidak Puas
Cerita di balik gacornya Ramadhan Sananta di SEA Games kemarin ğŸ˜²\n\nNantikan ya obrolan CEO @radotvalent bersama dua staf pelatih Timnas U-22 Kurniawan D. Y. dan Bimasakti di episode terbaru #Jebreeetalks.\n\nSegera tayang di Jebreeetmedia TV! https://t.co/9DxEh9wAeA;jebreeetmedia;;Puas
SEA Games 2023 hingga kemenangan Timnas U22 Indonesia dalam perolehan medali emas cabang olahraga sepakbola.\n\nYuk, simak lebih lengkapnya tentang berita terbaru selama bulan Mei di IR WHAT NEWS May Edition. Swipe left, dan jangan sampai ketinggalan berita ya!\n\n#IRWHATNEWS https://t.co/NmKAGh0Q9X;KOMAHI_UR;;Puas
Dipilih sepak bola karena masih teras euforia Timnas U22 yang keluar sebagai juara di SEA Games 2023.\n#SemuaDukungPrabowo #ManutJokowi Prabowo Subianto;KyaraHumanerror;;Puas
Setelah penantian panjang selama 32 tahun, Garuda Muda Indonesia berhasil membawa pulang medali emas cabang olah raga sepak bola di SEA Games 2023. \nTerima kasih, Timnas Indonesia U-22.\n#SEAGames2023\n#TimnasU22\n#IndonesiaJuara\n#PLN\n#PLNUntukIndonesia\n#PLNUnleashingEnergyandBeyond https://t.co/lmV1PJKuUg;NulikAngelin;;Puas
Terima kasih Nyong gagah \nMuhammad Fajar Faturrahman\nPutera Moti di Maluku Utara yang lahir dan besar di Manokwari dan sukses meraih emas sepakbola Sea Games 2023 bersama Timnas Indonesia..\n#MalutUnitedFC https://t.co/MHDweSE89F;asgharsaleh;;Puas
https://t.co/SNZxBS9Lcg -  Usai Bawa Timnas Indonesia U-22 Raih Medali Emas SEA Games 2023, Beckham Putra Dapat Tambahan Libur dari Persib Bandung: Beckham Putra bantu Timnas Indonesia U-22 raih medali emas SEA Games 2023 https://t.co/WwlMvkIskv;7Braders;;Puas
Pemain Timnas Indonesia yang turut menggondol emas di ajang SEA Games 2023, Beckham Putra Nugraha, ternyata tinggal di rumah yang sederhana. Penasaran? Simak potret huniannya di sini! https://t.co/WdH03YgMdhÂ #Berita99Indonesia #99info #99Indonesia;99dotco_ID;;Puas
Banyak hal yang terjadi dalam proses Timnas Indonesia mengakhiri puasa gelar 32 tahun di SEA Games. Manajer Timnas Indonesia U-22 Sumardji mengungkap berbagai cerita seru di balik prestasi emas SEA Games 2023 tersebut. https://t.co/TzLFmhyzXf #WawancaraEksklusif #CNNIndonesia https://t.co/HwEoADrggl;CNNIndonesia;;Puas
Dipilih sepak bola karena masih teras euforia Timnas U22 yang keluar sebagai juara di SEA Games 2023. #SemuaDukungPrabowo #ManutJokowi Prabowo Subianto;lehon_mangolu;;Puas
Wapres mengapresiasi timnas U-22 di SEA Games. https://t.co/Pww6ziY6av;republikaonline;;Puas
Kesuksesan timnas Indonesia meraih medali emas seagames 2023 menjadi titik awal dalam membangun empat tradisi baru di PSSI.\nGaruda Mendunia 2045 \n#BlueprintPSSI;GilangEhsan;;Puas
Seagames sebagai.pemanasan Timnas untuk menuju the real Kompetition Piala Asia dan Piala Dunia..semoga permainan garuda muda tetap.konsisten skill makin teruji;OktoraJk007;;Puas
Saya sudah mengira kalau Timnas U-23 itu akan gagal di Sea Games.\nTapi kekecewaan ini sudah reda karena Indonesia sudah punya gaya main yang sangat indah.\nThanks @Luismillacoach \nPelatih Timnas Indonesia Terbaik yang pernah ada;bosco_balbalan;;Puas
